Exception_Unique_Id__c,CSO_Short_Name__c,Impact_Level__c,Exception_Status__c,Exception_PWS_Requirement__c,Exception_Basis_For_Request__c,Exception_Security__c
DEMO-X-202601-00001,Workload-02,Medium,Open,Not required,Architecture alignment,IL5
DEMO-X-202601-00002,Workload-03,High,In Review,Not required,Cost optimization,IL5
DEMO-X-202601-00003,Workload-04,Low,Approved,PWS required,Architecture alignment,IL5
DEMO-X-202601-00004,Workload-05,Medium,Draft,Not required,Cost optimization,FedRAMP Moderate
DEMO-X-202601-00005,Workload-06,High,Open,Not required,Architecture alignment,IL5
DEMO-X-202601-00006,Workload-07,Low,In Review,PWS required,Cost optimization,IL5
DEMO-X-202601-00007,Workload-08,Medium,Approved,Not required,Architecture alignment,IL5
DEMO-X-202601-00008,Workload-09,High,Draft,Not required,Cost optimization,FedRAMP Moderate
DEMO-X-202601-00009,Workload-10,Low,Open,PWS required,Architecture alignment,IL5
DEMO-X-202601-00010,Workload-11,Medium,In Review,Not required,Cost optimization,IL5
DEMO-X-202601-00011,Workload-12,High,Approved,Not required,Architecture alignment,IL5
DEMO-X-202601-00012,Workload-13,Low,Draft,PWS required,Cost optimization,FedRAMP Moderate
DEMO-X-202601-00013,Workload-14,Medium,Open,Not required,Architecture alignment,IL5
DEMO-X-202601-00014,Workload-15,High,In Review,Not required,Cost optimization,IL5
DEMO-X-202601-00015,Workload-16,Low,Approved,PWS required,Architecture alignment,IL5
DEMO-X-202601-00016,Workload-17,Medium,Draft,Not required,Cost optimization,FedRAMP Moderate
DEMO-X-202601-00017,Workload-18,High,Open,Not required,Architecture alignment,IL5
DEMO-X-202601-00018,Workload-19,Low,In Review,PWS required,Cost optimization,IL5
DEMO-X-202601-00019,Workload-20,Medium,Approved,Not required,Architecture alignment,IL5
DEMO-X-202601-00020,Workload-21,High,Draft,Not required,Cost optimization,FedRAMP Moderate
DEMO-X-202601-00021,Workload-22,Low,Open,PWS required,Architecture alignment,IL5
DEMO-X-202601-00022,Workload-23,Medium,In Review,Not required,Cost optimization,IL5
DEMO-X-202601-00023,Workload-24,High,Approved,Not required,Architecture alignment,IL5
DEMO-X-202601-00024,Workload-25,Low,Draft,PWS required,Cost optimization,FedRAMP Moderate
DEMO-X-202601-00025,Workload-26,Medium,Open,Not required,Architecture alignment,IL5
DEMO-X-202601-00026,Workload-27,High,In Review,Not required,Cost optimization,IL5
DEMO-X-202601-00027,Workload-28,Low,Approved,PWS required,Architecture alignment,IL5
DEMO-X-202601-00028,Workload-29,Medium,Draft,Not required,Cost optimization,FedRAMP Moderate
DEMO-X-202601-00029,Workload-30,High,Open,Not required,Architecture alignment,IL5
DEMO-X-202601-00030,Workload-31,Low,In Review,PWS required,Cost optimization,IL5
DEMO-X-202601-00031,Workload-32,Medium,Approved,Not required,Architecture alignment,IL5
DEMO-X-202601-00032,Workload-33,High,Draft,Not required,Cost optimization,FedRAMP Moderate
DEMO-X-202601-00033,Workload-34,Low,Open,PWS required,Architecture alignment,IL5
DEMO-X-202601-00034,Workload-35,Medium,In Review,Not required,Cost optimization,IL5
DEMO-X-202601-00035,Workload-01,High,Approved,Not required,Architecture alignment,IL5
DEMO-X-202601-00036,Workload-02,Low,Draft,PWS required,Cost optimization,FedRAMP Moderate
DEMO-X-202601-00037,Workload-03,Medium,Open,Not required,Architecture alignment,IL5
DEMO-X-202601-00038,Workload-04,High,In Review,Not required,Cost optimization,IL5
DEMO-X-202601-00039,Workload-05,Low,Approved,PWS required,Architecture alignment,IL5
DEMO-X-202601-00040,Workload-06,Medium,Draft,Not required,Cost optimization,FedRAMP Moderate
DEMO-X-202601-00041,Workload-07,High,Open,Not required,Architecture alignment,IL5
DEMO-X-202601-00042,Workload-08,Low,In Review,PWS required,Cost optimization,IL5
DEMO-X-202601-00043,Workload-09,Medium,Approved,Not required,Architecture alignment,IL5
DEMO-X-202601-00044,Workload-10,High,Draft,Not required,Cost optimization,FedRAMP Moderate
DEMO-X-202601-00045,Workload-11,Low,Open,PWS required,Architecture alignment,IL5
DEMO-X-202601-00046,Workload-12,Medium,In Review,Not required,Cost optimization,IL5
DEMO-X-202601-00047,Workload-13,High,Approved,Not required,Architecture alignment,IL5
DEMO-X-202601-00048,Workload-14,Low,Draft,PWS required,Cost optimization,FedRAMP Moderate
DEMO-X-202601-00049,Workload-15,Medium,Open,Not required,Architecture alignment,IL5
DEMO-X-202601-00050,Workload-16,High,In Review,Not required,Cost optimization,IL5
DEMO-X-202601-00051,Workload-17,Low,Approved,PWS required,Architecture alignment,IL5
DEMO-X-202601-00052,Workload-18,Medium,Draft,Not required,Cost optimization,FedRAMP Moderate
DEMO-X-202601-00053,Workload-19,High,Open,Not required,Architecture alignment,IL5
DEMO-X-202601-00054,Workload-20,Low,In Review,PWS required,Cost optimization,IL5
DEMO-X-202601-00055,Workload-21,Medium,Approved,Not required,Architecture alignment,IL5
DEMO-X-202601-00056,Workload-22,High,Draft,Not required,Cost optimization,FedRAMP Moderate
DEMO-X-202601-00057,Workload-23,Low,Open,PWS required,Architecture alignment,IL5
DEMO-X-202601-00058,Workload-24,Medium,In Review,Not required,Cost optimization,IL5
DEMO-X-202601-00059,Workload-25,High,Approved,Not required,Architecture alignment,IL5
DEMO-X-202601-00060,Workload-26,Low,Draft,PWS required,Cost optimization,FedRAMP Moderate
DEMO-X-202601-00061,Workload-27,Medium,Open,Not required,Architecture alignment,IL5
DEMO-X-202601-00062,Workload-28,High,In Review,Not required,Cost optimization,IL5
DEMO-X-202601-00063,Workload-29,Low,Approved,PWS required,Architecture alignment,IL5
DEMO-X-202601-00064,Workload-30,Medium,Draft,Not required,Cost optimization,FedRAMP Moderate
DEMO-X-202601-00065,Workload-31,High,Open,Not required,Architecture alignment,IL5
DEMO-X-202601-00066,Workload-32,Low,In Review,PWS required,Cost optimization,IL5
DEMO-X-202601-00067,Workload-33,Medium,Approved,Not required,Architecture alignment,IL5
DEMO-X-202601-00068,Workload-34,High,Draft,Not required,Cost optimization,FedRAMP Moderate
DEMO-X-202601-00069,Workload-35,Low,Open,PWS required,Architecture alignment,IL5
DEMO-X-202601-00070,Workload-01,Medium,In Review,Not required,Cost optimization,IL5
DEMO-X-202601-00071,Workload-02,High,Approved,Not required,Architecture alignment,IL5
DEMO-X-202601-00072,Workload-03,Low,Draft,PWS required,Cost optimization,FedRAMP Moderate
DEMO-X-202601-00073,Workload-04,Medium,Open,Not required,Architecture alignment,IL5
DEMO-X-202601-00074,Workload-05,High,In Review,Not required,Cost optimization,IL5
DEMO-X-202601-00075,Workload-06,Low,Approved,PWS required,Architecture alignment,IL5
DEMO-X-202601-00076,Workload-07,Medium,Draft,Not required,Cost optimization,FedRAMP Moderate
DEMO-X-202601-00077,Workload-08,High,Open,Not required,Architecture alignment,IL5
DEMO-X-202601-00078,Workload-09,Low,In Review,PWS required,Cost optimization,IL5
DEMO-X-202601-00079,Workload-10,Medium,Approved,Not required,Architecture alignment,IL5
DEMO-X-202601-00080,Workload-11,High,Draft,Not required,Cost optimization,FedRAMP Moderate
DEMO-X-202601-00081,Workload-12,Low,Open,PWS required,Architecture alignment,IL5
DEMO-X-202601-00082,Workload-13,Medium,In Review,Not required,Cost optimization,IL5
DEMO-X-202601-00083,Workload-14,High,Approved,Not required,Architecture alignment,IL5
DEMO-X-202601-00084,Workload-15,Low,Draft,PWS required,Cost optimization,FedRAMP Moderate
DEMO-X-202601-00085,Workload-16,Medium,Open,Not required,Architecture alignment,IL5
DEMO-X-202601-00086,Workload-17,High,In Review,Not required,Cost optimization,IL5
DEMO-X-202601-00087,Workload-18,Low,Approved,PWS required,Architecture alignment,IL5
DEMO-X-202601-00088,Workload-19,Medium,Draft,Not required,Cost optimization,FedRAMP Moderate
DEMO-X-202601-00089,Workload-20,High,Open,Not required,Architecture alignment,IL5
DEMO-X-202601-00090,Workload-21,Low,In Review,PWS required,Cost optimization,IL5
DEMO-X-202601-00091,Workload-22,Medium,Approved,Not required,Architecture alignment,IL5
DEMO-X-202601-00092,Workload-23,High,Draft,Not required,Cost optimization,FedRAMP Moderate
DEMO-X-202601-00093,Workload-24,Low,Open,PWS required,Architecture alignment,IL5
DEMO-X-202601-00094,Workload-25,Medium,In Review,Not required,Cost optimization,IL5
DEMO-X-202601-00095,Workload-26,High,Approved,Not required,Architecture alignment,IL5
DEMO-X-202601-00096,Workload-27,Low,Draft,PWS required,Cost optimization,FedRAMP Moderate
DEMO-X-202601-00097,Workload-28,Medium,Open,Not required,Architecture alignment,IL5
DEMO-X-202601-00098,Workload-29,High,In Review,Not required,Cost optimization,IL5
DEMO-X-202601-00099,Workload-30,Low,Approved,PWS required,Architecture alignment,IL5
DEMO-X-202601-00100,Workload-31,Medium,Draft,Not required,Cost optimization,FedRAMP Moderate
DEMO-X-202601-00101,Workload-32,High,Open,Not required,Architecture alignment,IL5
DEMO-X-202601-00102,Workload-33,Low,In Review,PWS required,Cost optimization,IL5
DEMO-X-202601-00103,Workload-34,Medium,Approved,Not required,Architecture alignment,IL5
DEMO-X-202601-00104,Workload-35,High,Draft,Not required,Cost optimization,FedRAMP Moderate
DEMO-X-202601-00105,Workload-01,Low,Open,PWS required,Architecture alignment,IL5
DEMO-X-202601-00106,Workload-02,Medium,In Review,Not required,Cost optimization,IL5
DEMO-X-202601-00107,Workload-03,High,Approved,Not required,Architecture alignment,IL5
DEMO-X-202601-00108,Workload-04,Low,Draft,PWS required,Cost optimization,FedRAMP Moderate
DEMO-X-202601-00109,Workload-05,Medium,Open,Not required,Architecture alignment,IL5
DEMO-X-202601-00110,Workload-06,High,In Review,Not required,Cost optimization,IL5
DEMO-X-202601-00111,Workload-07,Low,Approved,PWS required,Architecture alignment,IL5
DEMO-X-202601-00112,Workload-08,Medium,Draft,Not required,Cost optimization,FedRAMP Moderate
DEMO-X-202601-00113,Workload-09,High,Open,Not required,Architecture alignment,IL5
DEMO-X-202601-00114,Workload-10,Low,In Review,PWS required,Cost optimization,IL5
DEMO-X-202601-00115,Workload-11,Medium,Approved,Not required,Architecture alignment,IL5
DEMO-X-202601-00116,Workload-12,High,Draft,Not required,Cost optimization,FedRAMP Moderate
DEMO-X-202601-00117,Workload-13,Low,Open,PWS required,Architecture alignment,IL5
DEMO-X-202601-00118,Workload-14,Medium,In Review,Not required,Cost optimization,IL5
DEMO-X-202601-00119,Workload-15,High,Approved,Not required,Architecture alignment,IL5
DEMO-X-202601-00120,Workload-16,Low,Draft,PWS required,Cost optimization,FedRAMP Moderate
DEMO-X-202601-00121,Workload-17,Medium,Open,Not required,Architecture alignment,IL5
DEMO-X-202601-00122,Workload-18,High,In Review,Not required,Cost optimization,IL5
DEMO-X-202601-00123,Workload-19,Low,Approved,PWS required,Architecture alignment,IL5
DEMO-X-202601-00124,Workload-20,Medium,Draft,Not required,Cost optimization,FedRAMP Moderate
DEMO-X-202601-00125,Workload-21,High,Open,Not required,Architecture alignment,IL5
DEMO-X-202601-00126,Workload-22,Low,In Review,PWS required,Cost optimization,IL5
DEMO-X-202601-00127,Workload-23,Medium,Approved,Not required,Architecture alignment,IL5
DEMO-X-202601-00128,Workload-24,High,Draft,Not required,Cost optimization,FedRAMP Moderate
DEMO-X-202601-00129,Workload-25,Low,Open,PWS required,Architecture alignment,IL5
DEMO-X-202601-00130,Workload-26,Medium,In Review,Not required,Cost optimization,IL5
DEMO-X-202601-00131,Workload-27,High,Approved,Not required,Architecture alignment,IL5
DEMO-X-202601-00132,Workload-28,Low,Draft,PWS required,Cost optimization,FedRAMP Moderate
DEMO-X-202601-00133,Workload-29,Medium,Open,Not required,Architecture alignment,IL5
DEMO-X-202601-00134,Workload-30,High,In Review,Not required,Cost optimization,IL5
DEMO-X-202601-00135,Workload-31,Low,Approved,PWS required,Architecture alignment,IL5
DEMO-X-202601-00136,Workload-32,Medium,Draft,Not required,Cost optimization,FedRAMP Moderate
DEMO-X-202601-00137,Workload-33,High,Open,Not required,Architecture alignment,IL5
DEMO-X-202601-00138,Workload-34,Low,In Review,PWS required,Cost optimization,IL5
DEMO-X-202601-00139,Workload-35,Medium,Approved,Not required,Architecture alignment,IL5
DEMO-X-202601-00140,Workload-01,High,Draft,Not required,Cost optimization,FedRAMP Moderate
DEMO-X-202601-00141,Workload-02,Low,Open,PWS required,Architecture alignment,IL5
DEMO-X-202601-00142,Workload-03,Medium,In Review,Not required,Cost optimization,IL5
DEMO-X-202601-00143,Workload-04,High,Approved,Not required,Architecture alignment,IL5
DEMO-X-202601-00144,Workload-05,Low,Draft,PWS required,Cost optimization,FedRAMP Moderate
DEMO-X-202601-00145,Workload-06,Medium,Open,Not required,Architecture alignment,IL5
DEMO-X-202601-00146,Workload-07,High,In Review,Not required,Cost optimization,IL5
DEMO-X-202601-00147,Workload-08,Low,Approved,PWS required,Architecture alignment,IL5
DEMO-X-202601-00148,Workload-09,Medium,Draft,Not required,Cost optimization,FedRAMP Moderate
DEMO-X-202601-00149,Workload-10,High,Open,Not required,Architecture alignment,IL5
DEMO-X-202601-00150,Workload-11,Low,In Review,PWS required,Cost optimization,IL5
DEMO-X-202601-00151,Workload-12,Medium,Approved,Not required,Architecture alignment,IL5
DEMO-X-202601-00152,Workload-13,High,Draft,Not required,Cost optimization,FedRAMP Moderate
DEMO-X-202601-00153,Workload-14,Low,Open,PWS required,Architecture alignment,IL5
DEMO-X-202601-00154,Workload-15,Medium,In Review,Not required,Cost optimization,IL5
DEMO-X-202601-00155,Workload-16,High,Approved,Not required,Architecture alignment,IL5
DEMO-X-202601-00156,Workload-17,Low,Draft,PWS required,Cost optimization,FedRAMP Moderate
DEMO-X-202601-00157,Workload-18,Medium,Open,Not required,Architecture alignment,IL5
DEMO-X-202601-00158,Workload-19,High,In Review,Not required,Cost optimization,IL5
DEMO-X-202601-00159,Workload-20,Low,Approved,PWS required,Architecture alignment,IL5
DEMO-X-202601-00160,Workload-21,Medium,Draft,Not required,Cost optimization,FedRAMP Moderate
DEMO-X-202601-00161,Workload-22,High,Open,Not required,Architecture alignment,IL5
DEMO-X-202601-00162,Workload-23,Low,In Review,PWS required,Cost optimization,IL5
DEMO-X-202601-00163,Workload-24,Medium,Approved,Not required,Architecture alignment,IL5
DEMO-X-202601-00164,Workload-25,High,Draft,Not required,Cost optimization,FedRAMP Moderate
DEMO-X-202601-00165,Workload-26,Low,Open,PWS required,Architecture alignment,IL5
DEMO-X-202601-00166,Workload-27,Medium,In Review,Not required,Cost optimization,IL5
DEMO-X-202601-00167,Workload-28,High,Approved,Not required,Architecture alignment,IL5
DEMO-X-202601-00168,Workload-29,Low,Draft,PWS required,Cost optimization,FedRAMP Moderate
DEMO-X-202601-00169,Workload-30,Medium,Open,Not required,Architecture alignment,IL5
DEMO-X-202601-00170,Workload-31,High,In Review,Not required,Cost optimization,IL5
DEMO-X-202601-00171,Workload-32,Low,Approved,PWS required,Architecture alignment,IL5
DEMO-X-202601-00172,Workload-33,Medium,Draft,Not required,Cost optimization,FedRAMP Moderate
DEMO-X-202601-00173,Workload-34,High,Open,Not required,Architecture alignment,IL5
DEMO-X-202601-00174,Workload-35,Low,In Review,PWS required,Cost optimization,IL5
DEMO-X-202601-00175,Workload-01,Medium,Approved,Not required,Architecture alignment,IL5
DEMO-X-202601-00176,Workload-02,High,Draft,Not required,Cost optimization,FedRAMP Moderate
DEMO-X-202601-00177,Workload-03,Low,Open,PWS required,Architecture alignment,IL5
DEMO-X-202601-00178,Workload-04,Medium,In Review,Not required,Cost optimization,IL5
DEMO-X-202601-00179,Workload-05,High,Approved,Not required,Architecture alignment,IL5
DEMO-X-202601-00180,Workload-06,Low,Draft,PWS required,Cost optimization,FedRAMP Moderate
DEMO-X-202601-00181,Workload-07,Medium,Open,Not required,Architecture alignment,IL5
DEMO-X-202601-00182,Workload-08,High,In Review,Not required,Cost optimization,IL5
DEMO-X-202601-00183,Workload-09,Low,Approved,PWS required,Architecture alignment,IL5
DEMO-X-202601-00184,Workload-10,Medium,Draft,Not required,Cost optimization,FedRAMP Moderate
DEMO-X-202601-00185,Workload-11,High,Open,Not required,Architecture alignment,IL5
DEMO-X-202601-00186,Workload-12,Low,In Review,PWS required,Cost optimization,IL5
DEMO-X-202601-00187,Workload-13,Medium,Approved,Not required,Architecture alignment,IL5
DEMO-X-202601-00188,Workload-14,High,Draft,Not required,Cost optimization,FedRAMP Moderate
DEMO-X-202601-00189,Workload-15,Low,Open,PWS required,Architecture alignment,IL5
DEMO-X-202601-00190,Workload-16,Medium,In Review,Not required,Cost optimization,IL5
DEMO-X-202601-00191,Workload-17,High,Approved,Not required,Architecture alignment,IL5
DEMO-X-202601-00192,Workload-18,Low,Draft,PWS required,Cost optimization,FedRAMP Moderate
DEMO-X-202601-00193,Workload-19,Medium,Open,Not required,Architecture alignment,IL5
DEMO-X-202601-00194,Workload-20,High,In Review,Not required,Cost optimization,IL5
DEMO-X-202601-00195,Workload-21,Low,Approved,PWS required,Architecture alignment,IL5
DEMO-X-202601-00196,Workload-22,Medium,Draft,Not required,Cost optimization,FedRAMP Moderate
DEMO-X-202601-00197,Workload-23,High,Open,Not required,Architecture alignment,IL5
DEMO-X-202601-00198,Workload-24,Low,In Review,PWS required,Cost optimization,IL5
DEMO-X-202601-00199,Workload-25,Medium,Approved,Not required,Architecture alignment,IL5
DEMO-X-202601-00200,Workload-26,High,Draft,Not required,Cost optimization,FedRAMP Moderate
DEMO-X-202601-00201,Workload-27,Low,In Review,PWS required,Architecture alignment,IL5
DEMO-X-202601-00202,Workload-28,Medium,Approved,Not required,Cost optimization,IL5
DEMO-X-202601-00203,Workload-29,High,Draft,Not required,Architecture alignment,IL5
DEMO-X-202601-00204,Workload-30,Low,Open,PWS required,Cost optimization,FedRAMP Moderate
DEMO-X-202601-00205,Workload-31,Medium,In Review,Not required,Architecture alignment,IL5
DEMO-X-202601-00206,Workload-32,High,Approved,Not required,Cost optimization,IL5
DEMO-X-202601-00207,Workload-33,Low,Draft,PWS required,Architecture alignment,IL5
DEMO-X-202601-00208,Workload-34,Medium,Open,Not required,Cost optimization,FedRAMP Moderate
DEMO-X-202601-00209,Workload-35,High,In Review,Not required,Architecture alignment,IL5
DEMO-X-202601-00210,Workload-01,Low,Approved,PWS required,Cost optimization,IL5
DEMO-X-202601-00211,Workload-02,Medium,Draft,Not required,Architecture alignment,IL5
DEMO-X-202601-00212,Workload-03,High,Open,Not required,Cost optimization,FedRAMP Moderate
DEMO-X-202601-00213,Workload-04,Low,In Review,PWS required,Architecture alignment,IL5
DEMO-X-202601-00214,Workload-05,Medium,Approved,Not required,Cost optimization,IL5
DEMO-X-202601-00215,Workload-06,High,Draft,Not required,Architecture alignment,IL5
DEMO-X-202601-00216,Workload-07,Low,Open,PWS required,Cost optimization,FedRAMP Moderate
DEMO-X-202601-00217,Workload-08,Medium,In Review,Not required,Architecture alignment,IL5
DEMO-X-202601-00218,Workload-09,High,Approved,Not required,Cost optimization,IL5
DEMO-X-202601-00219,Workload-10,Low,Draft,PWS required,Architecture alignment,IL5
DEMO-X-202601-00220,Workload-11,Medium,Open,Not required,Cost optimization,FedRAMP Moderate
DEMO-X-202601-00221,Workload-12,High,In Review,Not required,Architecture alignment,IL5
DEMO-X-202601-00222,Workload-13,Low,Approved,PWS required,Cost optimization,IL5
DEMO-X-202601-00223,Workload-14,Medium,Draft,Not required,Architecture alignment,IL5
DEMO-X-202601-00224,Workload-15,High,Open,Not required,Cost optimization,FedRAMP Moderate
DEMO-X-202601-00225,Workload-16,Low,In Review,PWS required,Architecture alignment,IL5
DEMO-X-202601-00226,Workload-17,Medium,Approved,Not required,Cost optimization,IL5
DEMO-X-202601-00227,Workload-18,High,Draft,Not required,Architecture alignment,IL5
DEMO-X-202601-00228,Workload-19,Low,Open,PWS required,Cost optimization,FedRAMP Moderate
DEMO-X-202601-00229,Workload-20,Medium,In Review,Not required,Architecture alignment,IL5
DEMO-X-202601-00230,Workload-21,High,Approved,Not required,Cost optimization,IL5
DEMO-X-202601-00231,Workload-22,Low,Draft,PWS required,Architecture alignment,IL5
DEMO-X-202601-00232,Workload-23,Medium,Open,Not required,Cost optimization,FedRAMP Moderate
DEMO-X-202601-00233,Workload-24,High,In Review,Not required,Architecture alignment,IL5
DEMO-X-202601-00234,Workload-25,Low,Approved,PWS required,Cost optimization,IL5
DEMO-X-202601-00235,Workload-26,Medium,Draft,Not required,Architecture alignment,IL5
DEMO-X-202601-00236,Workload-27,High,Open,Not required,Cost optimization,FedRAMP Moderate
DEMO-X-202601-00237,Workload-28,Low,In Review,PWS required,Architecture alignment,IL5
DEMO-X-202601-00238,Workload-29,Medium,Approved,Not required,Cost optimization,IL5
DEMO-X-202601-00239,Workload-30,High,Draft,Not required,Architecture alignment,IL5
DEMO-X-202601-00240,Workload-31,Low,Open,PWS required,Cost optimization,FedRAMP Moderate
DEMO-X-202601-00241,Workload-32,Medium,In Review,Not required,Architecture alignment,IL5
DEMO-X-202601-00242,Workload-33,High,Approved,Not required,Cost optimization,IL5
DEMO-X-202601-00243,Workload-34,Low,Draft,PWS required,Architecture alignment,IL5
DEMO-X-202601-00244,Workload-35,Medium,Open,Not required,Cost optimization,FedRAMP Moderate
DEMO-X-202601-00245,Workload-01,High,In Review,Not required,Architecture alignment,IL5
DEMO-X-202601-00246,Workload-02,Low,Approved,PWS required,Cost optimization,IL5
DEMO-X-202601-00247,Workload-03,Medium,Draft,Not required,Architecture alignment,IL5
DEMO-X-202601-00248,Workload-04,High,Open,Not required,Cost optimization,FedRAMP Moderate
DEMO-X-202601-00249,Workload-05,Low,In Review,PWS required,Architecture alignment,IL5
DEMO-X-202601-00250,Workload-06,Medium,Approved,Not required,Cost optimization,IL5
DEMO-X-202601-00251,Workload-07,High,Draft,Not required,Architecture alignment,IL5
DEMO-X-202601-00252,Workload-08,Low,Open,PWS required,Cost optimization,FedRAMP Moderate
DEMO-X-202601-00253,Workload-09,Medium,In Review,Not required,Architecture alignment,IL5
DEMO-X-202601-00254,Workload-10,High,Approved,Not required,Cost optimization,IL5
DEMO-X-202601-00255,Workload-11,Low,Draft,PWS required,Architecture alignment,IL5
DEMO-X-202601-00256,Workload-12,Medium,Open,Not required,Cost optimization,FedRAMP Moderate
DEMO-X-202601-00257,Workload-13,High,In Review,Not required,Architecture alignment,IL5
DEMO-X-202601-00258,Workload-14,Low,Approved,PWS required,Cost optimization,IL5
DEMO-X-202601-00259,Workload-15,Medium,Draft,Not required,Architecture alignment,IL5
DEMO-X-202601-00260,Workload-16,High,Open,Not required,Cost optimization,FedRAMP Moderate
DEMO-X-202601-00261,Workload-17,Low,In Review,PWS required,Architecture alignment,IL5
DEMO-X-202601-00262,Workload-18,Medium,Approved,Not required,Cost optimization,IL5
DEMO-X-202601-00263,Workload-19,High,Draft,Not required,Architecture alignment,IL5
DEMO-X-202601-00264,Workload-20,Low,Open,PWS required,Cost optimization,FedRAMP Moderate
DEMO-X-202601-00265,Workload-21,Medium,In Review,Not required,Architecture alignment,IL5
DEMO-X-202601-00266,Workload-22,High,Approved,Not required,Cost optimization,IL5
DEMO-X-202601-00267,Workload-23,Low,Draft,PWS required,Architecture alignment,IL5
DEMO-X-202601-00268,Workload-24,Medium,Open,Not required,Cost optimization,FedRAMP Moderate
DEMO-X-202601-00269,Workload-25,High,In Review,Not required,Architecture alignment,IL5
DEMO-X-202601-00270,Workload-26,Low,Approved,PWS required,Cost optimization,IL5
DEMO-X-202601-00271,Workload-27,Medium,Draft,Not required,Architecture alignment,IL5
DEMO-X-202601-00272,Workload-28,High,Open,Not required,Cost optimization,FedRAMP Moderate
DEMO-X-202601-00273,Workload-29,Low,In Review,PWS required,Architecture alignment,IL5
DEMO-X-202601-00274,Workload-30,Medium,Approved,Not required,Cost optimization,IL5
DEMO-X-202601-00275,Workload-31,High,Draft,Not required,Architecture alignment,IL5
DEMO-X-202601-00276,Workload-32,Low,Open,PWS required,Cost optimization,FedRAMP Moderate
DEMO-X-202601-00277,Workload-33,Medium,In Review,Not required,Architecture alignment,IL5
DEMO-X-202601-00278,Workload-34,High,Approved,Not required,Cost optimization,IL5
DEMO-X-202601-00279,Workload-35,Low,Draft,PWS required,Architecture alignment,IL5
DEMO-X-202601-00280,Workload-01,Medium,Open,Not required,Cost optimization,FedRAMP Moderate
DEMO-X-202601-00281,Workload-02,High,In Review,Not required,Architecture alignment,IL5
DEMO-X-202601-00282,Workload-03,Low,Approved,PWS required,Cost optimization,IL5
DEMO-X-202601-00283,Workload-04,Medium,Draft,Not required,Architecture alignment,IL5
DEMO-X-202601-00284,Workload-05,High,Open,Not required,Cost optimization,FedRAMP Moderate
DEMO-X-202601-00285,Workload-06,Low,In Review,PWS required,Architecture alignment,IL5
DEMO-X-202601-00286,Workload-07,Medium,Approved,Not required,Cost optimization,IL5
DEMO-X-202601-00287,Workload-08,High,Draft,Not required,Architecture alignment,IL5
DEMO-X-202601-00288,Workload-09,Low,Open,PWS required,Cost optimization,FedRAMP Moderate
DEMO-X-202601-00289,Workload-10,Medium,In Review,Not required,Architecture alignment,IL5
DEMO-X-202601-00290,Workload-11,High,Approved,Not required,Cost optimization,IL5
DEMO-X-202602-NEW-00001,NewEx-02,High,Open,PWS required,New capability onboarding,IL5
DEMO-X-202602-NEW-00002,NewEx-03,High,Open,PWS required,New capability onboarding,IL5
DEMO-X-202602-NEW-00003,NewEx-04,High,Open,PWS required,New capability onboarding,IL5
DEMO-X-202602-NEW-00004,NewEx-05,High,Open,PWS required,New capability onboarding,IL5
DEMO-X-202602-NEW-00005,NewEx-06,High,Open,PWS required,New capability onboarding,IL5
DEMO-X-202602-NEW-00006,NewEx-07,High,Open,PWS required,New capability onboarding,IL5
DEMO-X-202602-NEW-00007,NewEx-08,High,Open,PWS required,New capability onboarding,IL5
DEMO-X-202602-NEW-00008,NewEx-09,High,Open,PWS required,New capability onboarding,IL5
DEMO-X-202602-NEW-00009,NewEx-10,High,Open,PWS required,New capability onboarding,IL5
DEMO-X-202602-NEW-00010,NewEx-11,High,Open,PWS required,New capability onboarding,IL5
DEMO-X-202602-NEW-00011,NewEx-12,High,Open,PWS required,New capability onboarding,IL5
DEMO-X-202602-NEW-00012,NewEx-13,High,Open,PWS required,New capability onboarding,IL5
DEMO-X-202602-NEW-00013,NewEx-14,High,Open,PWS required,New capability onboarding,IL5
DEMO-X-202602-NEW-00014,NewEx-15,High,Open,PWS required,New capability onboarding,IL5
DEMO-X-202602-NEW-00015,NewEx-16,High,Open,PWS required,New capability onboarding,IL5
DEMO-X-202602-NEW-00016,NewEx-17,High,Open,PWS required,New capability onboarding,IL5
DEMO-X-202602-NEW-00017,NewEx-18,High,Open,PWS required,New capability onboarding,IL5
DEMO-X-202602-NEW-00018,NewEx-19,High,Open,PWS required,New capability onboarding,IL5
DEMO-X-202602-NEW-00019,NewEx-20,High,Open,PWS required,New capability onboarding,IL5
DEMO-X-202602-NEW-00020,NewEx-01,High,Open,PWS required,New capability onboarding,IL5
DEMO-X-202602-NEW-00021,NewEx-02,High,Open,PWS required,New capability onboarding,IL5
DEMO-X-202602-NEW-00022,NewEx-03,High,Open,PWS required,New capability onboarding,IL5
DEMO-X-202602-NEW-00023,NewEx-04,High,Open,PWS required,New capability onboarding,IL5
DEMO-X-202602-NEW-00024,NewEx-05,High,Open,PWS required,New capability onboarding,IL5
DEMO-X-202602-NEW-00025,NewEx-06,High,Open,PWS required,New capability onboarding,IL5
DEMO-X-202602-NEW-00026,NewEx-07,High,Open,PWS required,New capability onboarding,IL5
DEMO-X-202602-NEW-00027,NewEx-08,High,Open,PWS required,New capability onboarding,IL5
DEMO-X-202602-NEW-00028,NewEx-09,High,Open,PWS required,New capability onboarding,IL5
DEMO-X-202602-NEW-00029,NewEx-10,High,Open,PWS required,New capability onboarding,IL5
DEMO-X-202602-NEW-00030,NewEx-11,High,Open,PWS required,New capability onboarding,IL5
DEMO-X-202602-NEW-00031,NewEx-12,High,Open,PWS required,New capability onboarding,IL5
DEMO-X-202602-NEW-00032,NewEx-13,High,Open,PWS required,New capability onboarding,IL5
DEMO-X-202602-NEW-00033,NewEx-14,High,Open,PWS required,New capability onboarding,IL5
DEMO-X-202602-NEW-00034,NewEx-15,High,Open,PWS required,New capability onboarding,IL5
DEMO-X-202602-NEW-00035,NewEx-16,High,Open,PWS required,New capability onboarding,IL5
DEMO-X-202602-NEW-00036,NewEx-17,High,Open,PWS required,New capability onboarding,IL5
DEMO-X-202602-NEW-00037,NewEx-18,High,Open,PWS required,New capability onboarding,IL5
DEMO-X-202602-NEW-00038,NewEx-19,High,Open,PWS required,New capability onboarding,IL5
DEMO-X-202602-NEW-00039,NewEx-20,High,Open,PWS required,New capability onboarding,IL5
DEMO-X-202602-NEW-00040,NewEx-01,High,Open,PWS required,New capability onboarding,IL5
DEMO-X-202602-NEW-00041,NewEx-02,High,Open,PWS required,New capability onboarding,IL5
DEMO-X-202602-NEW-00042,NewEx-03,High,Open,PWS required,New capability onboarding,IL5
DEMO-X-202602-NEW-00043,NewEx-04,High,Open,PWS required,New capability onboarding,IL5
DEMO-X-202602-NEW-00044,NewEx-05,High,Open,PWS required,New capability onboarding,IL5
DEMO-X-202602-NEW-00045,NewEx-06,High,Open,PWS required,New capability onboarding,IL5
DEMO-X-202602-NEW-00046,NewEx-07,High,Open,PWS required,New capability onboarding,IL5
DEMO-X-202602-NEW-00047,NewEx-08,High,Open,PWS required,New capability onboarding,IL5
DEMO-X-202602-NEW-00048,NewEx-09,High,Open,PWS required,New capability onboarding,IL5
DEMO-X-202602-NEW-00049,NewEx-10,High,Open,PWS required,New capability onboarding,IL5
DEMO-X-202602-NEW-00050,NewEx-11,High,Open,PWS required,New capability onboarding,IL5
DEMO-X-202602-NEW-00051,NewEx-12,High,Open,PWS required,New capability onboarding,IL5
DEMO-X-202602-NEW-00052,NewEx-13,High,Open,PWS required,New capability onboarding,IL5
DEMO-X-202602-NEW-00053,NewEx-14,High,Open,PWS required,New capability onboarding,IL5
DEMO-X-202602-NEW-00054,NewEx-15,High,Open,PWS required,New capability onboarding,IL5
DEMO-X-202602-NEW-00055,NewEx-16,High,Open,PWS required,New capability onboarding,IL5
DEMO-X-202602-NEW-00056,NewEx-17,High,Open,PWS required,New capability onboarding,IL5
DEMO-X-202602-NEW-00057,NewEx-18,High,Open,PWS required,New capability onboarding,IL5
DEMO-X-202602-NEW-00058,NewEx-19,High,Open,PWS required,New capability onboarding,IL5
DEMO-X-202602-NEW-00059,NewEx-20,High,Open,PWS required,New capability onboarding,IL5
DEMO-X-202602-NEW-00060,NewEx-01,High,Open,PWS required,New capability onboarding,IL5
DEMO-X-202602-NEW-00061,NewEx-02,High,Open,PWS required,New capability onboarding,IL5
DEMO-X-202602-NEW-00062,NewEx-03,High,Open,PWS required,New capability onboarding,IL5
DEMO-X-202602-NEW-00063,NewEx-04,High,Open,PWS required,New capability onboarding,IL5
DEMO-X-202602-NEW-00064,NewEx-05,High,Open,PWS required,New capability onboarding,IL5
DEMO-X-202602-NEW-00065,NewEx-06,High,Open,PWS required,New capability onboarding,IL5
DEMO-X-202602-NEW-00066,NewEx-07,High,Open,PWS required,New capability onboarding,IL5
DEMO-X-202602-NEW-00067,NewEx-08,High,Open,PWS required,New capability onboarding,IL5
DEMO-X-202602-NEW-00068,NewEx-09,High,Open,PWS required,New capability onboarding,IL5
DEMO-X-202602-NEW-00069,NewEx-10,High,Open,PWS required,New capability onboarding,IL5
DEMO-X-202602-NEW-00070,NewEx-11,High,Open,PWS required,New capability onboarding,IL5
DEMO-X-202602-NEW-00071,NewEx-12,High,Open,PWS required,New capability onboarding,IL5
DEMO-X-202602-NEW-00072,NewEx-13,High,Open,PWS required,New capability onboarding,IL5
DEMO-X-202602-NEW-00073,NewEx-14,High,Open,PWS required,New capability onboarding,IL5
DEMO-X-202602-NEW-00074,NewEx-15,High,Open,PWS required,New capability onboarding,IL5
DEMO-X-202602-NEW-00075,NewEx-16,High,Open,PWS required,New capability onboarding,IL5
DEMO-X-202602-NEW-00076,NewEx-17,High,Open,PWS required,New capability onboarding,IL5
DEMO-X-202602-NEW-00077,NewEx-18,High,Open,PWS required,New capability onboarding,IL5
DEMO-X-202602-NEW-00078,NewEx-19,High,Open,PWS required,New capability onboarding,IL5
DEMO-X-202602-NEW-00079,NewEx-20,High,Open,PWS required,New capability onboarding,IL5
DEMO-X-202602-NEW-00080,NewEx-01,High,Open,PWS required,New capability onboarding,IL5
DEMO-X-202602-NEW-00081,NewEx-02,High,Open,PWS required,New capability onboarding,IL5
DEMO-X-202602-NEW-00082,NewEx-03,High,Open,PWS required,New capability onboarding,IL5
DEMO-X-202602-NEW-00083,NewEx-04,High,Open,PWS required,New capability onboarding,IL5
DEMO-X-202602-NEW-00084,NewEx-05,High,Open,PWS required,New capability onboarding,IL5
DEMO-X-202602-NEW-00085,NewEx-06,High,Open,PWS required,New capability onboarding,IL5
DEMO-X-202602-NEW-00086,NewEx-07,High,Open,PWS required,New capability onboarding,IL5
DEMO-X-202602-NEW-00087,NewEx-08,High,Open,PWS required,New capability onboarding,IL5
DEMO-X-202602-NEW-00088,NewEx-09,High,Open,PWS required,New capability onboarding,IL5
DEMO-X-202602-NEW-00089,NewEx-10,High,Open,PWS required,New capability onboarding,IL5
DEMO-X-202602-NEW-00090,NewEx-11,High,Open,PWS required,New capability onboarding,IL5
DEMO-X-202602-NEW-00091,NewEx-12,High,Open,PWS required,New capability onboarding,IL5
DEMO-X-202602-NEW-00092,NewEx-13,High,Open,PWS required,New capability onboarding,IL5
DEMO-X-202602-NEW-00093,NewEx-14,High,Open,PWS required,New capability onboarding,IL5
DEMO-X-202602-NEW-00094,NewEx-15,High,Open,PWS required,New capability onboarding,IL5
DEMO-X-202602-NEW-00095,NewEx-16,High,Open,PWS required,New capability onboarding,IL5
DEMO-X-202602-NEW-00096,NewEx-17,High,Open,PWS required,New capability onboarding,IL5
DEMO-X-202602-NEW-00097,NewEx-18,High,Open,PWS required,New capability onboarding,IL5
DEMO-X-202602-NEW-00098,NewEx-19,High,Open,PWS required,New capability onboarding,IL5
DEMO-X-202602-NEW-00099,NewEx-20,High,Open,PWS required,New capability onboarding,IL5
DEMO-X-202602-NEW-00100,NewEx-01,High,Open,PWS required,New capability onboarding,IL5
DEMO-X-202602-NEW-00101,NewEx-02,High,Open,PWS required,New capability onboarding,IL5
DEMO-X-202602-NEW-00102,NewEx-03,High,Open,PWS required,New capability onboarding,IL5
DEMO-X-202602-NEW-00103,NewEx-04,High,Open,PWS required,New capability onboarding,IL5
DEMO-X-202602-NEW-00104,NewEx-05,High,Open,PWS required,New capability onboarding,IL5
DEMO-X-202602-NEW-00105,NewEx-06,High,Open,PWS required,New capability onboarding,IL5
DEMO-X-202602-NEW-00106,NewEx-07,High,Open,PWS required,New capability onboarding,IL5
DEMO-X-202602-NEW-00107,NewEx-08,High,Open,PWS required,New capability onboarding,IL5
DEMO-X-202602-NEW-00108,NewEx-09,High,Open,PWS required,New capability onboarding,IL5
DEMO-X-202602-NEW-00109,NewEx-10,High,Open,PWS required,New capability onboarding,IL5
DEMO-X-202602-NEW-00110,NewEx-11,High,Open,PWS required,New capability onboarding,IL5
DEMO-X-202602-NEW-00111,NewEx-12,High,Open,PWS required,New capability onboarding,IL5
DEMO-X-202602-NEW-00112,NewEx-13,High,Open,PWS required,New capability onboarding,IL5
DEMO-X-202602-NEW-00113,NewEx-14,High,Open,PWS required,New capability onboarding,IL5
DEMO-X-202602-NEW-00114,NewEx-15,High,Open,PWS required,New capability onboarding,IL5
DEMO-X-202602-NEW-00115,NewEx-16,High,Open,PWS required,New capability onboarding,IL5
DEMO-X-202602-NEW-00116,NewEx-17,High,Open,PWS required,New capability onboarding,IL5
DEMO-X-202602-NEW-00117,NewEx-18,High,Open,PWS required,New capability onboarding,IL5
DEMO-X-202602-NEW-00118,NewEx-19,High,Open,PWS required,New capability onboarding,IL5
DEMO-X-202602-NEW-00119,NewEx-20,High,Open,PWS required,New capability onboarding,IL5
DEMO-X-202602-NEW-00120,NewEx-01,High,Open,PWS required,New capability onboarding,IL5
DEMO-X-202602-NEW-00121,NewEx-02,High,Open,PWS required,New capability onboarding,IL5
DEMO-X-202602-NEW-00122,NewEx-03,High,Open,PWS required,New capability onboarding,IL5
DEMO-X-202602-NEW-00123,NewEx-04,High,Open,PWS required,New capability onboarding,IL5
DEMO-X-202602-NEW-00124,NewEx-05,High,Open,PWS required,New capability onboarding,IL5
DEMO-X-202602-NEW-00125,NewEx-06,High,Open,PWS required,New capability onboarding,IL5
DEMO-X-202602-NEW-00126,NewEx-07,High,Open,PWS required,New capability onboarding,IL5
DEMO-X-202602-NEW-00127,NewEx-08,High,Open,PWS required,New capability onboarding,IL5
DEMO-X-202602-NEW-00128,NewEx-09,High,Open,PWS required,New capability onboarding,IL5
DEMO-X-202602-NEW-00129,NewEx-10,High,Open,PWS required,New capability onboarding,IL5
DEMO-X-202602-NEW-00130,NewEx-11,High,Open,PWS required,New capability onboarding,IL5
DEMO-X-202602-NEW-00131,NewEx-12,High,Open,PWS required,New capability onboarding,IL5
DEMO-X-202602-NEW-00132,NewEx-13,High,Open,PWS required,New capability onboarding,IL5
DEMO-X-202602-NEW-00133,NewEx-14,High,Open,PWS required,New capability onboarding,IL5
DEMO-X-202602-NEW-00134,NewEx-15,High,Open,PWS required,New capability onboarding,IL5
DEMO-X-202602-NEW-00135,NewEx-16,High,Open,PWS required,New capability onboarding,IL5
DEMO-X-202602-NEW-00136,NewEx-17,High,Open,PWS required,New capability onboarding,IL5
DEMO-X-202602-NEW-00137,NewEx-18,High,Open,PWS required,New capability onboarding,IL5
DEMO-X-202602-NEW-00138,NewEx-19,High,Open,PWS required,New capability onboarding,IL5
DEMO-X-202602-NEW-00139,NewEx-20,High,Open,PWS required,New capability onboarding,IL5
DEMO-X-202602-NEW-00140,NewEx-01,High,Open,PWS required,New capability onboarding,IL5
DEMO-X-202602-NEW-00141,NewEx-02,High,Open,PWS required,New capability onboarding,IL5
DEMO-X-202602-NEW-00142,NewEx-03,High,Open,PWS required,New capability onboarding,IL5
DEMO-X-202602-NEW-00143,NewEx-04,High,Open,PWS required,New capability onboarding,IL5
DEMO-X-202602-NEW-00144,NewEx-05,High,Open,PWS required,New capability onboarding,IL5
DEMO-X-202602-NEW-00145,NewEx-06,High,Open,PWS required,New capability onboarding,IL5
DEMO-X-202602-NEW-00146,NewEx-07,High,Open,PWS required,New capability onboarding,IL5
DEMO-X-202602-NEW-00147,NewEx-08,High,Open,PWS required,New capability onboarding,IL5
DEMO-X-202602-NEW-00148,NewEx-09,High,Open,PWS required,New capability onboarding,IL5
DEMO-X-202602-NEW-00149,NewEx-10,High,Open,PWS required,New capability onboarding,IL5
DEMO-X-202602-NEW-00150,NewEx-11,High,Open,PWS required,New capability onboarding,IL5
DEMO-X-202602-NEW-00151,NewEx-12,High,Open,PWS required,New capability onboarding,IL5
DEMO-X-202602-NEW-00152,NewEx-13,High,Open,PWS required,New capability onboarding,IL5
DEMO-X-202602-NEW-00153,NewEx-14,High,Open,PWS required,New capability onboarding,IL5
DEMO-X-202602-NEW-00154,NewEx-15,High,Open,PWS required,New capability onboarding,IL5
DEMO-X-202602-NEW-00155,NewEx-16,High,Open,PWS required,New capability onboarding,IL5
DEMO-X-202602-NEW-00156,NewEx-17,High,Open,PWS required,New capability onboarding,IL5
DEMO-X-202602-NEW-00157,NewEx-18,High,Open,PWS required,New capability onboarding,IL5
DEMO-X-202602-NEW-00158,NewEx-19,High,Open,PWS required,New capability onboarding,IL5
DEMO-X-202602-NEW-00159,NewEx-20,High,Open,PWS required,New capability onboarding,IL5
DEMO-X-202602-NEW-00160,NewEx-01,High,Open,PWS required,New capability onboarding,IL5
DEMO-X-202602-NEW-00161,NewEx-02,High,Open,PWS required,New capability onboarding,IL5
DEMO-X-202602-NEW-00162,NewEx-03,High,Open,PWS required,New capability onboarding,IL5
DEMO-X-202602-NEW-00163,NewEx-04,High,Open,PWS required,New capability onboarding,IL5
DEMO-X-202602-NEW-00164,NewEx-05,High,Open,PWS required,New capability onboarding,IL5
DEMO-X-202602-NEW-00165,NewEx-06,High,Open,PWS required,New capability onboarding,IL5
DEMO-X-202602-NEW-00166,NewEx-07,High,Open,PWS required,New capability onboarding,IL5
DEMO-X-202602-NEW-00167,NewEx-08,High,Open,PWS required,New capability onboarding,IL5
DEMO-X-202602-NEW-00168,NewEx-09,High,Open,PWS required,New capability onboarding,IL5
DEMO-X-202602-NEW-00169,NewEx-10,High,Open,PWS required,New capability onboarding,IL5
DEMO-X-202602-NEW-00170,NewEx-11,High,Open,PWS required,New capability onboarding,IL5
DEMO-X-202602-NEW-00171,NewEx-12,High,Open,PWS required,New capability onboarding,IL5
DEMO-X-202602-NEW-00172,NewEx-13,High,Open,PWS required,New capability onboarding,IL5
DEMO-X-202602-NEW-00173,NewEx-14,High,Open,PWS required,New capability onboarding,IL5
DEMO-X-202602-NEW-00174,NewEx-15,High,Open,PWS required,New capability onboarding,IL5
DEMO-X-202602-NEW-00175,NewEx-16,High,Open,PWS required,New capability onboarding,IL5
DEMO-X-202602-NEW-00176,NewEx-17,High,Open,PWS required,New capability onboarding,IL5
DEMO-X-202602-NEW-00177,NewEx-18,High,Open,PWS required,New capability onboarding,IL5
DEMO-X-202602-NEW-00178,NewEx-19,High,Open,PWS required,New capability onboarding,IL5
DEMO-X-202602-NEW-00179,NewEx-20,High,Open,PWS required,New capability onboarding,IL5
DEMO-X-202602-NEW-00180,NewEx-01,High,Open,PWS required,New capability onboarding,IL5
DEMO-X-202602-NEW-00181,NewEx-02,High,Open,PWS required,New capability onboarding,IL5
DEMO-X-202602-NEW-00182,NewEx-03,High,Open,PWS required,New capability onboarding,IL5
DEMO-X-202602-NEW-00183,NewEx-04,High,Open,PWS required,New capability onboarding,IL5
DEMO-X-202602-NEW-00184,NewEx-05,High,Open,PWS required,New capability onboarding,IL5
DEMO-X-202602-NEW-00185,NewEx-06,High,Open,PWS required,New capability onboarding,IL5
DEMO-X-202602-NEW-00186,NewEx-07,High,Open,PWS required,New capability onboarding,IL5
DEMO-X-202602-NEW-00187,NewEx-08,High,Open,PWS required,New capability onboarding,IL5
DEMO-X-202602-NEW-00188,NewEx-09,High,Open,PWS required,New capability onboarding,IL5
DEMO-X-202602-NEW-00189,NewEx-10,High,Open,PWS required,New capability onboarding,IL5
DEMO-X-202602-NEW-00190,NewEx-11,High,Open,PWS required,New capability onboarding,IL5
DEMO-X-202602-NEW-00191,NewEx-12,High,Open,PWS required,New capability onboarding,IL5
DEMO-X-202602-NEW-00192,NewEx-13,High,Open,PWS required,New capability onboarding,IL5
DEMO-X-202602-NEW-00193,NewEx-14,High,Open,PWS required,New capability onboarding,IL5
DEMO-X-202602-NEW-00194,NewEx-15,High,Open,PWS required,New capability onboarding,IL5
DEMO-X-202602-NEW-00195,NewEx-16,High,Open,PWS required,New capability onboarding,IL5
DEMO-X-202602-NEW-00196,NewEx-17,High,Open,PWS required,New capability onboarding,IL5
DEMO-X-202602-NEW-00197,NewEx-18,High,Open,PWS required,New capability onboarding,IL5
DEMO-X-202602-NEW-00198,NewEx-19,High,Open,PWS required,New capability onboarding,IL5
DEMO-X-202602-NEW-00199,NewEx-20,High,Open,PWS required,New capability onboarding,IL5
DEMO-X-202602-NEW-00200,NewEx-01,High,Open,PWS required,New capability onboarding,IL5
DEMO-X-202602-NEW-00201,NewEx-02,High,Open,PWS required,New capability onboarding,IL5
DEMO-X-202602-NEW-00202,NewEx-03,High,Open,PWS required,New capability onboarding,IL5
DEMO-X-202602-NEW-00203,NewEx-04,High,Open,PWS required,New capability onboarding,IL5
DEMO-X-202602-NEW-00204,NewEx-05,High,Open,PWS required,New capability onboarding,IL5
DEMO-X-202602-NEW-00205,NewEx-06,High,Open,PWS required,New capability onboarding,IL5
DEMO-X-202602-NEW-00206,NewEx-07,High,Open,PWS required,New capability onboarding,IL5
DEMO-X-202602-NEW-00207,NewEx-08,High,Open,PWS required,New capability onboarding,IL5
DEMO-X-202602-NEW-00208,NewEx-09,High,Open,PWS required,New capability onboarding,IL5
DEMO-X-202602-NEW-00209,NewEx-10,High,Open,PWS required,New capability onboarding,IL5
DEMO-X-202602-NEW-00210,NewEx-11,High,Open,PWS required,New capability onboarding,IL5
DEMO-X-202602-NEW-00211,NewEx-12,High,Open,PWS required,New capability onboarding,IL5
DEMO-X-202602-NEW-00212,NewEx-13,High,Open,PWS required,New capability onboarding,IL5
DEMO-X-202602-NEW-00213,NewEx-14,High,Open,PWS required,New capability onboarding,IL5
DEMO-X-202602-NEW-00214,NewEx-15,High,Open,PWS required,New capability onboarding,IL5
DEMO-X-202602-NEW-00215,NewEx-16,High,Open,PWS required,New capability onboarding,IL5
DEMO-X-202602-NEW-00216,NewEx-17,High,Open,PWS required,New capability onboarding,IL5
DEMO-X-202602-NEW-00217,NewEx-18,High,Open,PWS required,New capability onboarding,IL5
DEMO-X-202602-NEW-00218,NewEx-19,High,Open,PWS required,New capability onboarding,IL5
DEMO-X-202602-NEW-00219,NewEx-20,High,Open,PWS required,New capability onboarding,IL5
DEMO-X-202602-NEW-00220,NewEx-01,High,Open,PWS required,New capability onboarding,IL5
DEMO-X-202602-NEW-00221,NewEx-02,High,Open,PWS required,New capability onboarding,IL5
DEMO-X-202602-NEW-00222,NewEx-03,High,Open,PWS required,New capability onboarding,IL5
DEMO-X-202602-NEW-00223,NewEx-04,High,Open,PWS required,New capability onboarding,IL5
DEMO-X-202602-NEW-00224,NewEx-05,High,Open,PWS required,New capability onboarding,IL5
DEMO-X-202602-NEW-00225,NewEx-06,High,Open,PWS required,New capability onboarding,IL5
DEMO-X-202602-NEW-00226,NewEx-07,High,Open,PWS required,New capability onboarding,IL5
DEMO-X-202602-NEW-00227,NewEx-08,High,Open,PWS required,New capability onboarding,IL5
DEMO-X-202602-NEW-00228,NewEx-09,High,Open,PWS required,New capability onboarding,IL5
DEMO-X-202602-NEW-00229,NewEx-10,High,Open,PWS required,New capability onboarding,IL5
DEMO-X-202602-NEW-00230,NewEx-11,High,Open,PWS required,New capability onboarding,IL5
